"Sélectif Régional de Slalom - 29800 Landerneau - Course n°1 - 2025-01-19","29800 Landerneau","Course n°1","","2025-01-19","Régional","95"
"Athlète","Catégorie","Score","Valeur","Points course","Finale A/B"
"Clara Perrot","C1D","131.58","643.42","424.55",""
"Eva Marchand","C1D","140.05","440.28","515.4",""
"Nicolas Gestin","C1H","97.69","78.02","210.72",""
"Yves Bourhis","C1H","100.09","87.76","240.14",""
"Corentin Oulhen","C1H","103.33","140.98","279.86",""
"Titouan Briand","C1H","112.02","481.59","386.4",""
"Marin Salmon","C1H","113.65","299.81","406.37",""
"Louka Molina-combot","C1H","113.8","424.7","408.22",""
"Francois Hemidy","C1H","117.85","379.6","457.86",""
"Titouan Vigouroux","C1H","127.1","512.97","571.27",""
"Julien Darcillon","C1H","127.39","420.61","574.82",""
"Theo Precigoux","C1H","135.2","-","670.56",""
"Mael Rousset","C1H","135.95","659.26","679.76",""
"Aelig Brodier","C1H","148.24","1393.4","830.43",""
"Theo Hebert Braud","C1H","160.28","992.7","978.03",""
"Lenny Rigot","C1H","165.22","1306.46","1038.58",""
"Liam Besse","C1H","178.3","-","1198.95",""
"Sarah Petibon-Clara Perrot","C2D","190.16","-","896.02",""
"Laurine Le Loc'h-Laelie Goudard","C2D","203.99","-","1032.96",""
"Gwendoline Hall-Aurelie Hall","C2D","213.15","-","1123.67",""
"Lise Berthele-Sterenn Morin Le Moing","C2D","221.72","5089.92","1208.52",""
"Julien Darcillon-Francois Hemidy","C2H","117.79","372.43","391.49",""
"Yves Bourhis-Paul Gestin","C2H","126.03","-","487.92",""
"Pacome Michel-Louka Molina-combot","C2H","133.5","749.3","575.34",""
"Titouan Briand-Gaspard Morvan","C2H","140.31","-","655.03",""
"Kaourant Le Cann-Boris Narme","C2H","159.82","-","883.33",""
"Theo Precigoux-Konogan Rospape","C2H","172.57","-","1032.53",""
"Jean Guedes-Elliot Duval","C2H","221.46","-","1604.64",""
"Theo Hebert Braud-Gael Le Gars","C2H","388.28","-","3556.78",""
"Pacome Michel-Clara Perrot","C2M","145.65","856.49","575.48",""
"Eva Marchand","K1D","123.55","418.92","420.51",""
"Clara Perrot","K1D","123.88","429.47","424.27",""
"Gwendoline Hall","K1D","135.72","768.48","559.14",""
"Aurelie Hall","K1D","138.72","799.74","593.32",""
"Salome Petibon","K1D","144.39","1051.12","657.91",""
"Laurine Le Loc'h","K1D","147.15","945.84","689.35",""
"Angie Le Roux","K1D","149.25","-","713.28",""
"Lise Berthele","K1D","163.07","1404.41","870.7",""
"Laelie Goudard","K1D","166.35","1007.39","908.06",""
"Meline Baillot","K1D","170.26","1324.55","952.61",""
"Sterenn Morin Le Moing","K1D","177.04","1413.48","1029.84",""
"Aziliz Lemouillour","K1D","182.57","3209.21","1092.83",""
"Eileen Moign","K1D","187.77","1294.61","1152.06",""
"Justine Porsmoguer","K1D","271.66","-","2107.69",""
"Enora Le Guen","K1D","349.2","-","2990.98",""
"Laly Courtfortune","K1D","642.04","-","6326.83",""
"Pol Oulhen","K1H","93.44","81.5","215.89",""
"Louka Molina-combot","K1H","98.05","305.7","275.23",""
"Paul Gestin","K1H","98.3","259.8","278.45",""
"Titouan Briand","K1H","99.89","384.0","298.92",""
"Valentin Brindeau","K1H","100.26","-","303.68",""
"Nicolas Mevel","K1H","103.49","336.85","345.26",""
"Pacome Michel","K1H","105.88","383.3","376.02",""
"Marin Salmon","K1H","107.43","587.87","395.97",""
"Florian Szabo","K1H","109.22","443.6","419.02",""
"Augustin Jaujay","K1H","110.49","676.37","435.36",""
"Pol Euzenes","K1H","110.73","330.23","438.45",""
"Vincent Donval","K1H","111.44","488.36","447.59",""
"Vincent Gourmel","K1H","112.88","369.53","466.13",""
"Pierre Portais","K1H","115.37","441.75","498.18",""
"Oscar Donval","K1H","116.25","-","509.51",""
"Johann Lorcy","K1H","120.06","390.08","558.55",""
"Samuel Petibon","K1H","120.2","587.91","560.35",""
"Florent Vallier","K1H","122.65","759.41","591.89",""
"Mathis Colin","K1H","123.82","599.87","606.95",""
"Tom Gouriou","K1H","125.68","777.07","630.89",""
"Titouan Vigouroux","K1H","125.78","435.8","632.18",""
"Kaourant Le Cann","K1H","129.19","-","676.07",""
"Pierre-yves Lebreton","K1H","129.96","797.49","685.99",""
"Kylian Rigot","K1H","130.9","1164.37","698.09",""
"Yanis Thepaut","K1H","133.39","911.66","730.14",""
"Nathael Lefee","K1H","134.62","-","745.97",""
"Gaspard Morvan","K1H","137.43","1007.86","782.14",""
"Didier Rouet","K1H","138.33","661.0","793.73",""
"Jean Guedes","K1H","138.49","-","795.79",""
"Theo Hebert Braud","K1H","138.77","832.79","799.39",""
"Lenny Rigot","K1H","145.14","1094.65","881.39",""
"Konogan Rospape","K1H","147.02","-","905.59",""
"Pascal Le Berre","K1H","149.67","1559.03","939.7",""
"Aelig Brodier","K1H","151.71","1391.85","965.96",""
"Liam Besse","K1H","152.88","1542.76","981.02",""
"Maneg Buors","K1H","158.27","-","1050.4",""
"Elliot Duval","K1H","168.78","-","1185.69",""
"Titouan Le Guern","K1H","180.16","-","1332.17",""
"Guillaume Boudier","K1H","207.85","-","1688.61",""
"Corentin Biger","K1H","245.26","1911.7","2170.16",""
"Leo-paul Mauger","K1H","266.92","-","2448.97",""
"Boris Narme","K1H","268.42","-","2468.28",""
"Leo Kergoat","K1H","280.47","-","2623.39",""
"Titouan Le Naour","K1H","282.59","-","2650.68",""
"Gaspard Here","K1H","286.47","-","2700.62",""
"Malo Cosqueric","K1H","311.86","-","3027.45",""
"Jean-pierre Poenot","K1H","331.78","-","3283.86",""
"Lino Le Gars","K1H","431.18","-","4563.37",""
"Matt Chartron","K1H","478.39","-","5171.06",""
