"Sélectif Régional de Slalom - 29300 Guilligomarc H - Course n°1 - 2025-02-09","29300 Guilligomarc H","Course n°1","","2025-02-09","Régional","132"
"Athlète","Catégorie","Score","Valeur","Points course","Finale A/B"
"Marjorie Delassus","C1D","111.33","79.97","93.53",""
"Camille Castryck","C1D","118.6","115.67","164.12",""
"Romane Regnier","C1D","123.67","165.56","213.34",""
"Lenaig Le Felt","C1D","241.14","522.32","1353.85",""
"Nicolas Gestin","C1H","97.56","78.02","95.15",""
"Mewen Debliquy","C1H","99.18","59.2","113.13",""
"Elouan Debliquy","C1H","101.51","107.12","138.98",""
"Glen Le Meur","C1H","103.48","88.9","160.84",""
"Corentin Oulhen","C1H","106.79","140.98","197.57",""
"Gireg Hamoniaux","C1H","108.78","202.11","219.65",""
"Tomy Dandonneau","C1H","109.81","132.52","231.08",""
"Francois Hemidy","C1H","115.95","379.6","299.21",""
"Joachim Berthelot","C1H","119.77","456.9","341.6",""
"Gurvan Piton","C1H","119.82","372.03","342.15",""
"Lubin Huet","C1H","119.89","384.1","342.93",""
"Axel Brossat","C1H","120.75","264.89","352.47",""
"Faysal Ali Zazou","C1H","121.03","290.57","355.58",""
"Timothe Balbous","C1H","121.74","345.09","363.46",""
"Marin Salmon","C1H","126.34","299.81","414.5",""
"Julien Darcillon","C1H","129.37","420.61","448.12",""
"Victor Julou Feger","C1H","130.41","442.02","459.66",""
"Louka Molina-combot","C1H","131.49","424.7","471.65",""
"Titouan Aussant","C1H","132.38","448.94","481.51",""
"Titouan Collet","C1H","133.34","582.72","492.16",""
"Louis Beaumois","C1H","134.08","463.3","500.38",""
"Paul Gestin","C1H","135.55","493.13","516.69",""
"Titouan Briand","C1H","142.26","481.59","591.15",""
"Florian Lohezic","C1H","145.69","565.09","629.2",""
"Loan Beaucourt","C1H","158.88","583.87","775.56",""
"Charly Line","C1H","164.75","500.87","840.7",""
"Julien Caillarec","C1H","179.74","595.38","1007.02",""
"Mael Rousset","C1H","217.85","659.26","1429.89",""
"Titouan Vigouroux","C1H","233.07","512.97","1598.76",""
"Cedric Collet","C1H","267.35","621.8","1979.14",""
"Theo Hebert Braud","C1H","283.54","958.23","2158.78",""
"Julien Darcillon-Francois Hemidy","C2H","127.12","370.25","359.04",""
"Lorin Dumont-Lubin Huet","C2H","142.2","496.6","518.76",""
"Victor Julou Feger-Loan Beaucourt","C2H","145.77","541.38","556.57",""
"Marjorie Delassus","K1D","110.95","115.76","156.57",""
"Léna Quemerais","K1D","111.92","128.21","166.57",""
"Romane Regnier","K1D","117.25","184.21","221.53",""
"Camille Castryck","K1D","124.98","163.39","301.23",""
"Eva Marchand","K1D","130.31","418.92","356.19",""
"Blandine Xhemajlji","K1D","133.38","383.49","387.83",""
"Lenaig Le Felt","K1D","135.57","520.09","410.41",""
"Klara Lubin","K1D","146.1","459.18","518.98",""
"Clara Perrot","K1D","148.05","429.47","539.09",""
"Sylviane Quemerais","K1D","154.12","577.99","601.67",""
"Kim Agnimo Seyer","K1D","173.7","339.41","803.55",""
"Zoe Guyomard","K1D","265.58","554.97","1750.88",""
"Anouck Collet","K1D","278.76","631.27","1886.76",""
"Ines Lekeux","K1D","353.16","608.51","2653.86",""
"Laurine Le Loc'h","K1D","359.71","945.84","2721.38",""
"Lise Berthele","K1D","613.32","943.18","5336.21",""
"Sterenn Morin Le Moing","K1D","630.81","1123.06","5516.54",""
"Axel Brossat","K1H","97.02","88.73","142.99",""
"Mewen Debliquy","K1H","97.12","123.12","144.15",""
"Elouan Debliquy","K1H","97.89","102.28","153.13",""
"Hugo Regnier","K1H","98.04","84.99","154.87",""
"Rafael Lerusse","K1H","104.37","176.01","228.62",""
"Jonas Le Guen","K1H","104.89","116.81","234.68",""
"Romain Margerie","K1H","106.32","202.3","251.34",""
"Nour Ait Kaddour","K1H","107.5","246.14","265.09",""
"Jules Le Nevez","K1H","108.53","316.78","277.09",""
"Louka Molina-combot","K1H","109.77","305.7","291.54",""
"Paul Gestin","K1H","110.83","259.8","303.89",""
"Valentin Brindeau","K1H","111.19","278.78","308.08",""
"Killian Flegeau","K1H","111.6","306.63","312.86",""
"Ewen Berrest","K1H","111.6","288.71","312.86",""
"Romain Guyomard","K1H","112.01","368.06","317.63",""
"Nicolas Mevel","K1H","113.12","336.85","330.57",""
"Timothe Balbous","K1H","113.14","349.16","330.8",""
"Victor Julou Feger","K1H","113.45","380.22","334.41",""
"Leo Daniel","K1H","113.62","371.39","336.39",""
"Nicolas Coudert","K1H","113.68","388.78","337.09",""
"Lorin Dumont","K1H","113.83","332.85","338.84",""
"Clement Olivier","K1H","114.62","378.08","348.04",""
"Gurvan Piton","K1H","115.18","299.62","354.57",""
"Titouan Aussant","K1H","115.38","384.94","356.9",""
"Frederic Castryck","K1H","117.55","339.4","382.18",""
"Nino Pontillo","K1H","118.51","388.16","393.36",""
"Vincent Froger","K1H","118.53","346.66","393.6",""
"Marin Salmon","K1H","118.69","575.46","395.46",""
"Joachim Berthelot","K1H","119.9","355.32","409.56",""
"Thomas Hado","K1H","120.2","401.15","413.05",""
"Titouan Briand","K1H","120.29","384.0","414.1",""
"Cesar Le Berder","K1H","120.73","323.81","419.23",""
"Vincent Gourmel","K1H","121.33","369.53","426.22",""
"Pascal Marrec","K1H","123.48","487.43","451.27",""
"Duncan Coppens","K1H","123.99","649.72","457.21",""
"Youn Roger","K1H","124.12","499.04","458.72",""
"Titouan Collet","K1H","128.24","595.38","506.73",""
"Vincent Donval","K1H","128.6","478.02","510.92",""
"Iwen Robic","K1H","128.92","404.31","514.65",""
"Loic Marrec","K1H","129.86","-","525.6",""
"Florian Lohezic","K1H","130.65","499.44","534.8",""
"Francois Adam","K1H","132.28","426.1","553.8",""
"Stephane Debliquy","K1H","133.16","529.37","564.05",""
"Nathan Guilleray","K1H","134.37","484.28","578.15",""
"Edern Portier","K1H","134.62","404.98","581.06",""
"Gwenael Marquer","K1H","135.31","441.43","589.1",""
"Vincent Salmon","K1H","136.27","562.02","600.28",""
"Enoha Fejean Bideau","K1H","136.57","573.92","603.78",""
"Florian Szabo","K1H","139.93","438.34","642.92",""
"Raphaël Labbe","K1H","141.17","487.39","657.37",""
"Mathis Colin","K1H","143.93","599.87","689.53",""
"Titouan Vigouroux","K1H","144.69","433.49","698.38",""
"Loan Beaucourt","K1H","145.75","467.34","710.73",""
"Benoit Le Roux","K1H","147.06","-","725.99",""
"Sacha Line","K1H","148.22","614.04","739.51",""
"Sacha Renault Le Nancq","K1H","149.63","555.33","755.94",""
"Lucas Hado","K1H","151.35","464.41","775.98",""
"Clement Le Naour","K1H","153.94","577.63","806.15",""
"Sasha Pontillo","K1H","157.38","631.74","846.23",""
"Léo Lubin","K1H","169.72","605.76","990.0",""
"Julien Caillarec","K1H","171.86","446.91","1014.93",""
"Charly Line","K1H","173.78","482.18","1037.3",""
"Florent Vallier","K1H","179.28","738.3","1101.38",""
"Zadig Preney","K1H","186.09","688.09","1180.72",""
"Tom Gouriou","K1H","197.91","738.5","1318.43",""
"Clement Hado","K1H","199.57","493.19","1337.77",""
"Alexys Jouannic","K1H","212.46","889.36","1487.95",""
"Jules Vanderhaghen","K1H","228.45","594.36","1674.25",""
"Nathan Corfmat","K1H","232.47","777.27","1721.08",""
"Titouan Beaumois","K1H","243.9","645.0","1854.25",""
"Liam Besse","K1H","267.91","1154.44","2133.99",""
"Otto Holdom","K1H","274.34","673.24","2208.9",""
"Theo Hebert Braud","K1H","286.1","797.21","2345.91",""
"Benoit Ricard","K1H","286.95","473.38","2355.82",""
"Samuel Petibon","K1H","299.14","587.91","2497.84",""
"Nathael Lefee","K1H","333.57","786.0","2898.98",""
"Soen Le Ray","K1H","401.41","1515.62","3689.36",""
