"Sélectif Régional de Slalom - 94500 Champigny Sur Marne - Course n°1 - 2025-02-09","94500 Champigny Sur Marne","Course n°1","","2025-02-09","Régional","188"
"Athlète","Catégorie","Score","Valeur","Points course","Finale A/B"
"Nina Pesce-roue","C1D","89.08","118.95","218.57",""
"Adelie Courrech Du Pont","C1D","93.78","291.61","280.23",""
"Nelia Barbosa","C1D","98.97","278.53","348.31",""
"Lina Belhaddad","C1D","99.57","314.48","356.18",""
"Lucie Bollier","C1D","101.47","546.7","381.1",""
"Camille Brugvin","C1D","103.5","312.01","407.73",""
"Amal Renoux","C1D","104.64","402.89","422.69",""
"Irene Combes","C1D","105.69","417.21","436.46",""
"Morgane Gharbi-louyer","C1D","106.13","403.01","442.24",""
"Alina Rassel","C1D","108.67","561.25","475.55",""
"Mia Rivrin-delfosse","C1D","110.56","-","500.35",""
"Celya Foucard","C1D","111.73","546.02","515.7",""
"Clemence Debayle","C1D","111.91","498.29","518.06",""
"Laura Demuru","C1D","116.57","914.8","579.19",""
"Anae Calleau","C1D","117.77","641.45","594.93",""
"Eva Martins","C1D","119.35","820.03","615.65",""
"Yona Heutte","C1D","119.73","705.25","620.64",""
"Fany Marck","C1D","121.52","558.32","644.13",""
"Chloé Nassif","C1D","127.79","-","726.38",""
"Maeven Froger","C1D","130.29","793.11","759.16",""
"Celine Kalwarowski","C1D","155.94","-","1095.64",""
"Swannah Wague","C1D","175.04","1399.93","1346.2",""
"Adrien Fischer","C1H","76.87","69.36","202.46",""
"Alois Brucher","C1H","80.66","116.81","259.28",""
"Cyrian Menuat","C1H","82.55","175.54","287.61",""
"Matheo Senechault","C1H","82.74","194.33","290.46",""
"Benoit Chantry","C1H","86.17","295.93","341.88",""
"Valerian Descot","C1H","86.47","179.29","346.38",""
"Anas Renoux","C1H","88.26","373.46","373.22",""
"Antonin Trotta","C1H","90.49","454.07","406.65",""
"Alexandre Fallourd-marec","C1H","92.75","460.92","440.53",""
"Jo Rivrin-delfosse","C1H","95.34","340.65","479.36",""
"Amaury Brucher","C1H","96.11","444.24","490.9",""
"Gaspard Vincent","C1H","97.62","515.74","513.54",""
"Edgar Duchemin","C1H","97.71","503.0","514.89",""
"Victor Jacolot","C1H","103.76","832.42","605.59",""
"Mathis Colin","C1H","104.2","400.23","612.19",""
"Marc Sanchez","C1H","104.66","542.85","619.08",""
"Nicolas Landemaine","C1H","105.0","539.39","624.18",""
"Nolan Bourgoin","C1H","105.65","627.64","633.93",""
"Ilyes Chaabi","C1H","110.93","783.77","713.09",""
"Hugues Dervieux","C1H","112.62","809.12","738.42",""
"Ewen Ami Philolaus","C1H","113.11","816.75","745.77",""
"Maceo Govea","C1H","116.43","969.6","795.54",""
"Tiago Durand-lavoine","C1H","117.3","645.91","808.58",""
"Louis De Monval","C1H","119.82","-","846.36",""
"Alain Brucher","C1H","119.83","811.64","846.51",""
"Mahe Hennebicq","C1H","121.01","-","864.21",""
"Olivier Bonnet","C1H","121.53","998.29","872.0",""
"Timeo Pericard-capri","C1H","123.14","936.25","896.13",""
"Samuel Machavoine","C1H","128.07","735.2","970.04",""
"Amaury Perenchio","C1H","131.93","-","1027.92",""
"Ibrahim Ben-belgacem","C1H","137.91","-","1117.57",""
"Marc Cherance","C1H","139.26","804.75","1137.81",""
"Gabriel Herve","C1H","144.09","1615.44","1210.22",""
"Maxime Debreuil","C1H","144.84","-","1221.46",""
"Louaï Chaabi","C1H","149.4","1402.41","1289.83",""
"Yanis Aoucheta","C1H","151.78","1638.3","1325.5",""
"Nadim Beddiaf Liao","C1H","158.25","-","1422.5",""
"Raphael Gomes Pestel","C1H","173.74","1448.95","1654.73",""
"Adelie Courrech Du Pont-Lina Belhaddad","C2D","130.24","583.51","627.09",""
"Clemence Debayle-Morgane Gharbi-louyer","C2D","132.95","1323.08","659.9",""
"Amal Renoux-Eva Martins","C2D","139.35","718.16","737.39",""
"Lucie Bollier-Mia Rivrin-delfosse","C2D","145.15","-","807.63",""
"Salome Theurin-Imane Oufara","C2D","245.55","-","2023.37",""
"Valerian Descot-Alois Brucher","C2H","109.39","-","615.45",""
"Jo Rivrin-delfosse-Antonin Trotta","C2H","114.7","668.53","691.44",""
"Anas Renoux-Mathis Colin","C2H","126.7","676.0","863.17",""
"Benjamin Sacher-Camille Vauzelle","C2H","145.54","1022.09","1132.77",""
"Tom Pontvianne-Justin Deneuville","C2H","148.8","1041.07","1179.43",""
"James Lennon-Louis-anis Chalbi-fabre","C2H","153.09","-","1240.82",""
"Maxime Snigur-Tino Fidon","C2H","169.59","-","1476.95",""
"Celya Foucard-Benjamin Cabouret","C2M","132.62","715.63","789.73",""
"Yohan Marck-Fany Marck","C2M","152.98","-","1056.81",""
"Nina Pesce-roue","K1D","81.45","99.65","184.67",""
"Morgane Gharbi-louyer","K1D","86.46","332.41","254.46",""
"Camille Brugvin","K1D","87.28","163.8","265.89",""
"Lina Belhaddad","K1D","87.38","240.73","267.28",""
"Clemence Debayle","K1D","88.46","403.29","282.33",""
"Nelia Barbosa","K1D","88.87","277.56","288.04",""
"Amal Renoux","K1D","89.01","331.2","289.99",""
"Irene Combes","K1D","89.5","296.23","296.81",""
"Adelie Courrech Du Pont","K1D","89.59","244.41","298.07",""
"Lucie Bollier","K1D","92.92","321.43","344.46",""
"Alina Rassel","K1D","94.1","283.96","360.89",""
"Anae Calleau","K1D","102.78","563.81","481.81",""
"Fany Marck","K1D","103.54","631.85","492.4",""
"Laura Demuru","K1D","106.74","631.63","536.98",""
"Eva Martins","K1D","107.31","618.95","544.92",""
"Lea Feuillard","K1D","109.76","471.32","579.05",""
"Chloé Nassif","K1D","111.43","-","602.31",""
"Solene Cantet","K1D","111.68","554.8","605.79",""
"Mia Rivrin-delfosse","K1D","111.8","-","607.46",""
"Karelle Payen","K1D","115.0","599.09","652.04",""
"Maeven Froger","K1D","116.01","626.34","666.12",""
"Auriane Janssen Bennynck","K1D","122.17","726.16","751.92",""
"Yona Heutte","K1D","123.48","728.39","770.17",""
"Emma Cuthbert","K1D","124.76","584.1","788.0",""
"Leonie Sable","K1D","128.96","925.17","846.51",""
"Salome Theurin","K1D","129.92","772.77","859.88",""
"Imane Oufara","K1D","133.75","738.6","913.24",""
"AnaÏs Demulder","K1D","135.81","1110.64","941.94",""
"Lana Bigay","K1D","140.13","-","1002.12",""
"Elisa Lebastard - Poitou","K1D","145.84","1490.36","1081.66",""
"Swannah Wague","K1D","151.06","1314.89","1154.37",""
"Christelle Greuillet","K1D","167.16","1557.97","1378.66",""
"Elisa Bonneau","K1D","173.1","-","1461.41",""
"Ana Papusoi","K1D","198.18","875.45","1810.79",""
"Leni Perreau","K1H","71.3","103.05","172.4",""
"Alois Brucher","K1H","71.98","111.16","183.1",""
"Mathis Colin","K1H","73.76","167.39","211.12",""
"Axel Colin","K1H","75.47","209.79","238.04",""
"Amaury Brucher","K1H","75.55","189.82","239.3",""
"Kavishan Kulatunga","K1H","76.23","336.86","250.0",""
"Benoit Chantry","K1H","76.41","159.06","252.84",""
"Anas Renoux","K1H","77.15","210.25","264.49",""
"Valerian Descot","K1H","77.6","164.26","271.57",""
"James Lennon","K1H","79.38","360.21","299.59",""
"Nolan Bourgoin","K1H","80.14","406.91","311.55",""
"Alexandre Fallourd-marec","K1H","80.14","337.7","311.55",""
"Louis-anis Chalbi-fabre","K1H","81.1","413.09","326.67",""
"Edgar Duchemin","K1H","81.36","377.51","330.76",""
"Cyrian Menuat","K1H","81.55","433.19","333.75",""
"Gaspard Vincent","K1H","83.29","328.79","361.14",""
"Romain Huguenin","K1H","83.54","1856.75","365.08",""
"Joris Bonine","K1H","85.93","383.76","402.7",""
"Julien Fougeron","K1H","87.79","436.89","431.98",""
"Marc Sanchez","K1H","89.4","435.97","457.32",""
"Robin Tester","K1H","91.42","443.23","489.12",""
"Benjamin Cabouret","K1H","94.01","562.67","529.89",""
"Ilyes Chaabi","K1H","95.37","680.42","551.3",""
"Timeo Pericard-capri","K1H","95.53","550.94","553.82",""
"Ewen Ami Philolaus","K1H","96.55","684.06","569.87",""
"Alain Brucher","K1H","96.71","697.02","572.39",""
"Guillaume Fournier","K1H","97.19","-","579.95",""
"Tiago Durand-lavoine","K1H","97.81","753.38","589.71",""
"Louis De Monval","K1H","99.34","-","613.79",""
"Valentin Fleury","K1H","99.4","596.83","614.74",""
"Tom Pontvianne","K1H","100.03","635.13","624.65",""
"Yohan Marck","K1H","100.63","-","634.1",""
"Victor Jacolot","K1H","101.39","800.57","646.06",""
"Ibrahim Ben-belgacem","K1H","103.1","646.77","672.98",""
"Marc Cherance","K1H","104.08","824.21","688.41",""
"Joshua Ravet","K1H","105.05","688.71","703.68",""
"Maceo Govea","K1H","106.07","851.26","719.73",""
"Arthur Flament","K1H","106.19","658.14","721.62",""
"Samuel Machavoine","K1H","106.48","1290.48","726.19",""
"Gerard Lafargue","K1H","107.0","715.29","734.37",""
"Philippe Valeri","K1H","107.11","738.26","736.1",""
"Sebastien Gaillard","K1H","107.54","682.62","742.87",""
"Mateo Viardin","K1H","107.8","845.1","746.97",""
"Benjamin Sacher","K1H","108.25","797.51","754.05",""
"Jorge Govea Martinez","K1H","109.51","732.7","773.88",""
"Enzo Gueniot","K1H","109.55","936.49","774.51",""
"Camille Vauzelle","K1H","109.75","723.67","777.66",""
"Gabriel Herve","K1H","113.1","833.54","830.4",""
"Maxime Debreuil","K1H","113.29","-","833.39",""
"Maxime Snigur","K1H","114.34","-","849.91",""
"Ivan Rusakov","K1H","116.8","1200.31","888.64",""
"Olivier Bonnet","K1H","117.28","1003.75","896.2",""
"Christophe Simonin","K1H","117.48","-","899.34",""
"Nadim Beddiaf Liao","K1H","119.44","-","930.2",""
"Yanis Aoucheta","K1H","119.58","1409.87","932.4",""
"Noham Kahal Demulier","K1H","120.9","1018.51","953.18",""
"Marc-olivier Dufour","K1H","121.6","1147.46","964.2",""
"Hugues Dervieux","K1H","121.98","820.72","970.18",""
"Gaspard Jacolot","K1H","122.38","906.35","976.48",""
"Amaury Perenchio","K1H","123.92","-","1000.72",""
"David Calleau","K1H","124.08","890.25","1003.24",""
"Edgar Laxenaire","K1H","125.08","2510.41","1018.98",""
"Louaï Chaabi","K1H","126.41","1022.37","1039.92",""
"Tino Fidon","K1H","126.71","-","1044.64",""
"Romain Hennebicq","K1H","129.91","2148.27","1095.01",""
"Raphael Dubernard-cornier","K1H","130.58","959.29","1105.56",""
"Christophe Raes","K1H","130.78","1290.38","1108.71",""
"Pierre-louis Mingasson","K1H","131.78","307.29","1124.45",""
"Hamza Akabli","K1H","132.25","1027.84","1131.85",""
"Jules Michel","K1H","136.91","1012.43","1205.2",""
"Erwan Piriou","K1H","137.28","-","1211.03",""
"Pierre Marchal","K1H","138.06","-","1223.3",""
"Mahe Hennebicq","K1H","142.44","-","1292.25",""
"Raphael Gomes Pestel","K1H","151.26","1025.36","1431.09",""
"Mathis Simonin","K1H","153.78","-","1470.76",""
"Justin Deneuville","K1H","156.71","687.61","1516.88",""
"Maxime Prunaret","K1H","166.5","-","1670.99",""
"Vincent Deneuville","K1H","176.23","1160.24","1824.16",""
"Pierre Emmanuel Ravet","K1H","183.29","2187.02","1935.29",""
"Stanislas Brouillat","K1H","190.89","1394.4","2054.93",""
