"Manche de la Coupe de France National 3 Slalom - 60370 Hermes - Course n°1 - 2025-03-16","60370 Hermes","Course n°1","","2025-03-16","Nationale 3","246"
"Athlète","Catégorie","Score","Valeur","Points course","Finale A/B"
"Amaurie Guilleret","C1D","108.71","319.73","347.69",""
"Nelia Barbosa","C1D","111.36","278.53","380.47",""
"Louann Demanet","C1D","118.67","508.57","470.89",""
"Lison Gautrelet","C1D","118.83","610.92","472.86",""
"Clemence Debayle","C1D","120.95","498.29","499.09",""
"Mia Rivrin-delfosse","C1D","126.06","535.09","562.29",""
"Margot Maheut","C1D","126.43","604.81","566.87",""
"Eva Martins","C1D","129.59","820.03","605.96",""
"Yona Heutte","C1D","131.19","705.25","625.75",""
"Jeanne Ben Hadj Azzouz","C1D","132.42","665.41","640.96",""
"Chloe Gatuingt","C1D","134.66","742.98","668.68",""
"Fany Marck","C1D","135.48","558.32","678.81",""
"Elise Masseline","C1D","135.77","657.86","682.41",""
"Camille Massois Brastel","C1D","137.63","891.23","705.41",""
"Chloé Nassif","C1D","138.92","746.67","721.37",""
"Lizie Lavignon","C1D","143.56","732.92","778.75",""
"Laura Demuru","C1D","151.48","800.82","876.72",""
"Camille Foulon","C1D","152.9","1266.1","894.29",""
"Louane Varlet","C1D","157.69","-","953.53",""
"Maeven Froger","C1D","158.3","793.11","961.09",""
"Leona Bronet","C1D","173.66","1531.75","1151.08",""
"Samael Govart","C1H","97.1","435.33","375.66",""
"Melvin Queudeville","C1H","103.18","628.23","461.61",""
"Antonin Trotta","C1H","103.83","497.43","470.8",""
"Enzo Cozette","C1H","103.9","517.57","471.79",""
"Guillaume Cahagne","C1H","105.11","583.89","488.9",""
"Alexandre Fallourd-marec","C1H","106.1","460.92","502.89",""
"Antoine Martin","C1H","106.38","496.1","506.84",""
"Jacob Sierota","C1H","107.06","483.3","516.46",""
"Enzo Clupty","C1H","108.05","661.94","530.46",""
"Corentin Jan","C1H","108.54","543.17","537.37",""
"Mathis Pomares","C1H","109.42","603.76","549.83",""
"Thibault Robillard","C1H","110.51","710.14","565.23",""
"Benoit Capitaine","C1H","111.66","745.37","581.49",""
"Augustin Braud","C1H","112.8","696.04","597.61",""
"Achille Francoise","C1H","113.79","885.21","611.59",""
"James Lennon","C1H","114.0","612.66","614.56",""
"Victor Jacolot","C1H","114.67","832.42","624.04",""
"Louis-anis Chalbi-fabre","C1H","114.92","537.51","627.57",""
"Aurelien Scavazza","C1H","115.95","766.32","642.14",""
"Natael Macrel","C1H","116.35","681.06","647.79",""
"Victor-antoine Roussel","C1H","117.51","702.39","664.18",""
"Evan Roger","C1H","117.66","715.89","666.3",""
"Jules Lecoeur","C1H","118.17","751.53","673.51",""
"Pierre Maillard","C1H","118.2","701.21","673.93",""
"Maxime Boutevillain","C1H","118.22","801.06","674.21",""
"Hugues Dervieux","C1H","118.49","809.12","678.04",""
"Nicolas Landemaine","C1H","119.39","594.22","690.76",""
"Tiago Durand-lavoine","C1H","119.64","645.91","694.3",""
"Esteban Olivier","C1H","121.16","624.34","715.77",""
"Robin Dheilly","C1H","121.67","671.36","722.99",""
"Jerome Marchandin","C1H","122.71","923.86","737.7",""
"Mickael Louchard","C1H","123.31","728.35","746.17",""
"Marc Sanchez","C1H","123.76","542.85","752.54",""
"Gabin Belliere","C1H","125.68","867.1","779.67",""
"Etienne Michel","C1H","125.77","673.47","780.95",""
"Jean-francois Facquez","C1H","125.79","759.17","781.23",""
"Ilyes Chaabi","C1H","126.03","783.77","784.63",""
"Teddy Poulard","C1H","126.29","701.55","788.3",""
"Antoine Dolle","C1H","127.06","909.27","799.19",""
"Jules Bachoffer","C1H","127.08","978.68","799.47",""
"Lilian Paton","C1H","127.18","843.1","800.88",""
"Matteo Varlet","C1H","127.3","838.99","802.58",""
"Maceo Govea","C1H","129.39","969.6","832.13",""
"Samuel Bonvalet","C1H","129.5","817.07","833.67",""
"Mateo Charlet","C1H","130.74","796.17","851.2",""
"Raphael Fournier","C1H","131.15","981.45","857.01",""
"Corentin Brunhoso","C1H","131.79","955.95","866.05",""
"Aurelien Levacher","C1H","133.62","942.25","891.92",""
"Amaury Perenchio","C1H","133.83","1059.34","894.89",""
"Mahe Hennebicq","C1H","134.37","880.13","902.52",""
"Samuel Machavoine","C1H","138.84","833.7","965.72",""
"Sebastien Marchandin","C1H","140.21","963.91","985.07",""
"Cyprien Pohu","C1H","141.7","796.46","1006.14",""
"Alain Brucher","C1H","142.06","811.64","1011.23",""
"Maxime Debreuil","C1H","143.68","1198.06","1034.13",""
"Marc Cherance","C1H","154.52","804.75","1187.37",""
"Ewen Ami Philolaus","C1H","173.97","753.68","1462.33",""
"Nadim Beddiaf Liao","C1H","208.17","1432.5","1945.78",""
"Adelie Courrech Du Pont-Lina Belhaddad","C2D","128.85","566.86","474.21",""
"Clemence Debayle-Morgane Gharbi-louyer","C2D","141.93","1026.17","623.55",""
"Lucie Bollier-Mia Rivrin-delfosse","C2D","146.42","804.96","674.82",""
"Amal Renoux-Eva Martins","C2D","195.45","718.16","1234.63",""
"Achille Francoise-Jules Lecoeur","C2H","116.71","902.42","577.88",""
"Samael Govart-Lou Megret","C2H","122.46","586.56","655.47",""
"Mickael Louchard-Jeansebastien Simonklein","C2H","138.75","851.96","875.28",""
"Yanis Carpentier-diome-Theo Guerlet","C2H","163.95","1810.19","1215.32",""
"Gabriel Loison-Mathieu Cure","C2H","192.73","1870.09","1603.68",""
"Tom Pontvianne-Justin Deneuville","C2H","203.68","1089.98","1751.44",""
"Jean-francois Facquez-Vincent Charlet","C2H","322.33","801.81","3352.47",""
"Bertrand Avril-Chloe Gatuingt","C2M","129.76","690.99","608.06",""
"Aurelien Scavazza-Lison Gautrelet","C2M","144.07","1016.43","785.06",""
"Mathis Pomares-Manon Letellier","C2M","149.21","723.2","848.65",""
"Margot Maheut-Lilian Paton","C2M","154.73","-","916.93",""
"Jeremy Huguenin-Karelle Payen","C2M","173.07","765.79","1143.78",""
"Amaurie Guilleret","K1D","101.92","299.93","341.79",""
"Anae Calleau","K1D","108.6","563.81","429.54",""
"Lizie Lavignon","K1D","117.08","507.34","540.94",""
"Mia Rivrin-delfosse","K1D","119.11","596.34","567.59",""
"Chloé Nassif","K1D","119.63","598.64","574.42",""
"Kanel Grignon","K1D","119.77","600.29","576.26",""
"Elise Masseline","K1D","121.91","1125.28","604.38",""
"Solene Cantet","K1D","122.1","554.8","606.87",""
"Eva Martins","K1D","122.29","618.95","609.36",""
"Maeven Froger","K1D","124.92","626.34","643.92",""
"Maelle Tapon","K1D","124.93","610.49","644.05",""
"Jeanne Ben Hadj Azzouz","K1D","125.47","709.16","651.13",""
"Lea Feuillard","K1D","126.19","530.86","660.6",""
"Yona Heutte","K1D","126.61","728.39","666.11",""
"Laura Demuru","K1D","127.28","622.78","674.91",""
"Camille Foulon","K1D","127.51","838.22","677.94",""
"Justine Caruhel","K1D","128.34","651.57","688.83",""
"Camille Massois Brastel","K1D","130.41","701.16","716.03",""
"Louane Varlet","K1D","133.98","-","762.92",""
"Zoe Dronne","K1D","134.18","696.76","765.54",""
"Imane Oufara","K1D","135.85","688.17","787.48",""
"Leona Bronet","K1D","136.13","842.63","791.16",""
"Salome Theurin","K1D","139.5","772.77","835.42",""
"Elodie Thomasset","K1D","162.62","1076.78","1139.12",""
"Karelle Payen","K1D","173.38","599.09","1280.47",""
"AnaÏs Demulder","K1D","190.11","860.08","1500.22",""
"Astree Lechevalier Noel","K1D","283.07","1029.53","2721.3",""
"Cleophee Lechevalier Noel","K1D","324.99","1142.31","3271.95",""
"Nicolas Ducrocq","K1H","89.82","368.1","336.23",""
"Lou Megret","K1H","90.37","445.94","344.4",""
"James Lennon","K1H","91.73","360.21","364.58",""
"Louis-anis Chalbi-fabre","K1H","93.0","413.09","383.43",""
"Pierre-louis Mingasson","K1H","93.34","307.29","388.48",""
"Jeremy Huguenin","K1H","93.9","395.76","396.79",""
"Romain Huguenin","K1H","95.03","1853.62","413.57",""
"Guillaume Cahagne","K1H","95.22","434.62","416.39",""
"Aurelien Merieux Danneaux","K1H","95.25","416.3","416.83",""
"Quentin Dubelloy","K1H","95.59","505.61","421.88",""
"Enzo Clupty","K1H","95.85","483.03","425.74",""
"Jules Lecoeur","K1H","97.18","525.63","445.48",""
"Natael Macrel","K1H","97.22","657.22","446.07",""
"Esteban Olivier","K1H","97.36","498.16","448.15",""
"Zadig Antide","K1H","97.47","567.87","449.78",""
"Julien Fougeron","K1H","98.5","436.89","465.07",""
"Evan Roger","K1H","98.77","514.12","469.08",""
"Noah Prompt","K1H","98.8","567.15","469.52",""
"Achille Francoise","K1H","98.85","630.0","470.27",""
"Robin Tester","K1H","99.02","443.23","472.79",""
"Yunus Polat","K1H","99.2","454.27","475.46",""
"Miguel De Andres","K1H","99.22","563.2","475.76",""
"Mathieu Godin","K1H","99.22","466.18","475.76",""
"Benoit Capitaine","K1H","99.95","600.96","486.59",""
"Bertrand Avril","K1H","100.27","584.72","491.34",""
"Lilian Paton","K1H","100.3","620.67","491.79",""
"Marc Sanchez","K1H","101.41","435.97","508.27",""
"Sebastien Tissot","K1H","101.88","555.86","515.24",""
"Antoine Martin","K1H","102.03","598.22","517.47",""
"Charly Crapart","K1H","102.15","508.37","519.25",""
"Maxime Boutevillain","K1H","102.56","568.33","525.34",""
"Nathan Prompt","K1H","103.06","610.89","532.76",""
"Etienne Michel","K1H","103.07","581.55","532.91",""
"Florian Perenchio","K1H","103.17","530.22","534.39",""
"Tom Barthelemy","K1H","103.22","463.45","535.13",""
"Ewen Ami Philolaus","K1H","104.27","684.06","550.72",""
"Erwan Leguennec","K1H","104.88","501.57","559.77",""
"Tom Pontvianne","K1H","105.0","635.13","561.55",""
"Valentin Fleury","K1H","105.1","596.83","563.04",""
"Ilyes Chaabi","K1H","105.51","680.42","569.12",""
"Guillaume Fournier","K1H","105.91","610.59","575.06",""
"Victor-antoine Roussel","K1H","106.64","614.85","585.9",""
"Augustin Braud","K1H","106.74","689.55","587.38",""
"Mickael Louchard","K1H","107.02","584.77","591.54",""
"Francois Durand","K1H","107.36","523.07","596.58",""
"Yohan Marck","K1H","107.43","621.58","597.62",""
"Noann Capitao","K1H","107.5","504.06","598.66",""
"Joshua Ravet","K1H","108.55","688.71","614.25",""
"Matteo Varlet","K1H","108.57","631.6","614.54",""
"Jerome Marchandin","K1H","108.75","716.36","617.21",""
"Bastien Rorive","K1H","109.49","712.47","628.2",""
"Gabin Belliere","K1H","109.88","794.65","633.99",""
"Alain Brucher","K1H","110.15","697.02","637.99",""
"Martin Laprevote","K1H","110.19","991.34","638.59",""
"Loic Bourgeois","K1H","110.89","1044.08","648.98",""
"Remy Perrard","K1H","111.24","592.73","654.17",""
"Sebastien Marchandin","K1H","111.54","632.72","658.63",""
"Johann Beldame","K1H","111.68","746.22","660.7",""
"Simon Lecoeur","K1H","111.7","652.55","661.0",""
"Antoine Dolle","K1H","112.15","676.92","667.68",""
"Quentin Kluba","K1H","112.48","830.32","672.58",""
"Mathieu Cure","K1H","112.85","826.83","678.07",""
"Marc Cherance","K1H","113.65","824.21","689.95",""
"Ibrahim Ben-belgacem","K1H","113.87","646.77","693.21",""
"Mao Caron","K1H","114.14","679.2","697.22",""
"Cyprien Pohu","K1H","114.4","605.18","701.08",""
"Matheo Bourdonne","K1H","114.48","839.44","702.27",""
"Mateo Charlet","K1H","114.53","801.09","703.01",""
"Jean-francois Facquez","K1H","115.4","703.01","715.92",""
"Jeansebastien Simonklein","K1H","115.42","693.6","716.22",""
"Jules Bachoffer","K1H","115.7","674.49","720.37",""
"Samuel Machavoine","K1H","115.71","1290.48","720.52",""
"Léandre Martel","K1H","115.84","860.83","722.45",""
"Raphael Fournier","K1H","116.0","853.96","724.83",""
"Antonin Trotta","K1H","116.08","587.88","726.01",""
"Camille Vauzelle","K1H","116.49","723.67","732.1",""
"Corentin Brunhoso","K1H","116.86","787.72","737.59",""
"Robin Dheilly","K1H","117.09","441.53","741.01",""
"Christophe Gosselin","K1H","117.46","692.02","746.5",""
"Nathan Jeufraux","K1H","117.61","727.67","748.72",""
"Amaury Perenchio","K1H","118.02","930.55","754.81",""
"Victor Jacolot","K1H","119.35","800.57","774.55",""
"Mateo Viardin","K1H","119.4","845.1","775.29",""
"Philippe Valeri","K1H","119.43","738.26","775.74",""
"Maceo Govea","K1H","119.62","850.86","778.56",""
"Ewann Peltier","K1H","119.84","1343.9","781.83",""
"Samuel Bonvalet","K1H","119.9","813.92","782.72",""
"Gabriel Loison","K1H","120.08","943.98","785.39",""
"Yanis Carpentier-diome","K1H","120.13","918.81","786.13",""
"Cyrille Mescam","K1H","120.96","841.55","798.45",""
"Sebastien Gaillard","K1H","121.45","750.3","805.72",""
"Aurelien Levacher","K1H","121.55","801.26","807.21",""
"Hugues Dervieux","K1H","122.39","820.72","819.68",""
"Pierre Maillard","K1H","122.65","849.09","823.53",""
"Yanis Aoucheta","K1H","122.73","951.14","824.72",""
"Ivan Rusakov","K1H","123.26","1200.31","832.59",""
"Valentin Olivier","K1H","123.55","974.1","836.89",""
"Alexandre Rorive","K1H","124.28","976.29","847.73",""
"Mae Chretien","K1H","124.74","838.13","854.56",""
"Erwan Durand","K1H","125.23","976.08","861.83",""
"Mathias Humel","K1H","125.24","795.42","861.98",""
"Charles Robillard","K1H","125.8","866.72","870.29",""
"Philippe Aubertin","K1H","126.23","623.17","876.67",""
"Arnaud Geoffroy","K1H","127.1","1051.26","889.59",""
"Timeo Andre","K1H","128.06","950.84","903.84",""
"Tino Fidon","K1H","129.34","1020.02","922.84",""
"Nolan Vaudreville","K1H","135.43","1076.53","1013.23",""
"Nadim Beddiaf Liao","K1H","135.54","937.98","1014.86",""
"Theo Guerlet","K1H","137.47","982.61","1043.51",""
"Maxime Debreuil","K1H","139.37","894.52","1071.71",""
"Vincent Charlet","K1H","148.39","867.02","1205.6",""
"Tiago Durand-lavoine","K1H","150.24","753.38","1233.06",""
"Justin Deneuville","K1H","155.01","687.61","1303.86",""
"Christophe Raes","K1H","161.03","957.21","1393.22",""
"Teddy Poulard","K1H","163.91","682.78","1435.96",""
"Max Boivin","K1H","167.15","649.88","1484.06",""
"Maxime Snigur","K1H","176.08","881.23","1616.61",""
"Mahe Hennebicq","K1H","181.9","1263.45","1702.99",""
"Loic Leborgne","K1H","182.27","-","1708.49",""
"Louaï Chaabi","K1H","195.22","960.41","1900.7",""
"Raphael Dubernard-cornier","K1H","216.68","927.06","2219.24",""
"Noham Kahal Demulier","K1H","231.72","992.61","2442.48",""
"David Calleau","K1H","250.5","828.22","2721.24",""
