"Sélectif Régional Slalom (Double) - 42520 St Pierre De Boeuf - Course n°3 - 2025-01-26","42520 St Pierre De Boeuf","Course n°3","","2025-01-26","Régional","162"
"Athlète","Catégorie","Score","Valeur","Points course","Finale A/B"
"Lou Carbon","C1D","112.85","483.62","355.98",""
"Emmelyne Sauvagnac","C1D","114.73","301.67","378.07",""
"Marie - Lou Cote","C1D","116.13","488.47","394.53",""
"Gladys Dupuis","C1D","117.33","608.68","408.63",""
"Oriane Christin","C1D","122.4","598.69","468.23",""
"Melyne Tappero","C1D","129.99","650.47","557.44",""
"Morgane Liorey","C1D","135.76","702.39","625.26",""
"Romane Breuzard","C1D","141.91","627.47","697.54",""
"Alice Baptiste","C1D","145.35","716.64","737.98",""
"Zelia Touzet","C1D","147.39","736.57","761.96",""
"Ceren Avcu","C1D","150.62","675.46","799.93",""
"Alessandra Deleplanque","C1D","151.34","1597.32","808.39",""
"Miriame Dlimi","C1D","153.28","877.04","831.19",""
"Angela Phommavongsa","C1D","154.11","943.98","840.95",""
"Dilara Onur","C1D","162.93","1129.31","944.62",""
"Apheya Egraz","C1D","174.78","931.21","1083.9",""
"Maeline Flamant","C1D","192.41","1133.85","1291.13",""
"Emeric Nieser","C1H","92.14","215.54","267.27",""
"Baptiste Delaplace","C1H","92.53","199.68","272.5",""
"Cedric Passas","C1H","105.09","601.43","441.23",""
"Matis Hernu","C1H","105.41","571.79","445.52",""
"Thomas Levert","C1H","106.26","355.23","456.94",""
"Titouan Carbon","C1H","106.36","360.31","458.28",""
"Simon Baptiste","C1H","106.75","460.32","463.53",""
"Joel Betti","C1H","108.9","533.36","492.4",""
"Romain Bertrand","C1H","112.37","434.66","539.02",""
"Nino Pons","C1H","112.54","717.38","541.3",""
"Yaël Normand","C1H","113.87","602.04","559.17",""
"Florian Vigne","C1H","116.75","606.88","597.85",""
"Taho Ferrier","C1H","117.33","731.08","605.65",""
"Jules Pomi","C1H","118.02","780.67","614.92",""
"Valentin Gall","C1H","121.84","749.86","666.23",""
"Gatien Crochet","C1H","127.32","890.16","739.84",""
"Tilio Magnani","C1H","128.58","835.12","756.77",""
"Timothe Alonso","C1H","129.0","776.75","762.41",""
"Nael Faure Brac","C1H","131.11","694.8","790.76",""
"Elouan Detheve","C1H","141.1","1019.78","924.95",""
"Ernesto Izzillo Coing","C1H","141.62","991.39","931.94",""
"Alexei Evlachev","C1H","150.83","1183.96","1055.66",""
"Natan Destouches","C1H","151.85","1612.91","1069.36",""
"Sacha Lelardoux","C1H","166.06","1092.62","1260.24",""
"Gaspard Deville Russias","C1H","170.11","875.48","1314.66",""
"Ceren Avcu-Morgane Liorey","C2D","193.67","976.53","1130.83",""
"Dilara Onur-Angela Phommavongsa","C2D","211.6","1342.89","1325.36",""
"Cedric Passas-Romain Bertrand","C2H","129.91","-","695.31",""
"Tylo Egraz-Shems'dine Et Taiy","C2H","137.15","752.01","788.15",""
"Timothe Alonso-Tao Tomaselli","C2H","143.33","1013.42","867.39",""
"Paul Perrollier-Leo Jouvray","C2H","174.97","2158.46","1273.1",""
"Davy Egraz-Fanny Mino-vercellio","C2M","139.32","583.04","667.1",""
"Lou Ann Vuilleumier","K1D","99.68","268.09","273.75",""
"Eyleen Vuilleumier","K1D","100.12","187.54","279.25",""
"Viviana Daille","K1D","101.51","259.55","296.6",""
"Marie - Lou Cote","K1D","104.42","426.07","332.92",""
"Lou Carbon","K1D","105.0","398.53","340.16",""
"Emmelyne Sauvagnac","K1D","106.72","328.01","361.63",""
"Marion Pasquali","K1D","107.02","432.74","365.37",""
"Lou Ourmieres","K1D","109.97","435.37","402.2",""
"Gladys Dupuis","K1D","111.38","590.15","419.8",""
"Zelia Touzet","K1D","112.39","550.83","432.4",""
"Oriane Christin","K1D","112.62","545.69","435.27",""
"Aelys Detheve","K1D","114.93","524.14","464.11",""
"Ameline Saunier","K1D","115.36","684.66","469.47",""
"Laurie Beaurepere","K1D","116.22","897.95","480.22",""
"Melyne Tappero","K1D","117.33","517.15","494.07",""
"Morgane Liorey","K1D","118.14","577.06","504.18",""
"Ceren Avcu","K1D","119.48","700.01","520.91",""
"Melie Dubiez","K1D","119.81","576.16","525.03",""
"Mathilde Lescarret","K1D","123.42","654.75","570.08",""
"Elise Dordonnat","K1D","123.97","643.12","576.95",""
"Ines Schoch","K1D","125.92","636.54","601.29",""
"Alessandra Deleplanque","K1D","129.33","660.07","643.85",""
"Alice Baptiste","K1D","132.54","724.77","683.92",""
"Myrtille Salmon Rouillon","K1D","132.8","681.58","687.16",""
"Sarah Coronel","K1D","133.03","671.49","690.04",""
"Laura Bouhelier","K1D","134.94","1124.21","713.88",""
"GaËlle Allain","K1D","135.28","741.55","718.12",""
"Miriame Dlimi","K1D","135.53","713.31","721.24",""
"Mila Vigne","K1D","138.05","805.6","752.69",""
"Celine Mizera","K1D","141.11","886.14","790.89",""
"Lola Baud","K1D","141.87","950.61","800.38",""
"Apheya Egraz","K1D","146.03","739.55","852.3",""
"Maeline Flamant","K1D","169.75","822.25","1148.38",""
"Mathylde Tardy","K1D","173.03","1554.42","1189.32",""
"Candice Paris","K1D","174.98","1151.86","1213.67",""
"Romane Breuzard","K1D","187.7","627.71","1372.43",""
"Jimy Bercon","K1H","85.48","244.71","235.21",""
"Emeric Nieser","K1H","90.0","295.45","298.97",""
"Nils Biermans","K1H","90.54","224.46","306.58",""
"Theo Dessolies","K1H","91.57","301.52","321.11",""
"Gustave Gonseth","K1H","92.33","268.04","331.83",""
"Gédéon Gonseth","K1H","92.59","302.76","335.5",""
"Lucas Mathevet","K1H","94.09","400.16","356.66",""
"Gaspard Gonseth","K1H","95.31","295.68","373.86",""
"Charles Couturieux","K1H","96.1","331.59","385.01",""
"Yaël Normand","K1H","98.47","498.03","418.44",""
"Cedric Passas","K1H","98.98","377.53","425.63",""
"Damien Chamblay","K1H","99.25","415.14","429.44",""
"Mathieu Aussant","K1H","99.54","496.6","433.53",""
"Valentin Gall","K1H","101.12","552.27","455.81",""
"Simon Baptiste","K1H","101.58","410.54","462.3",""
"Nino Pons","K1H","102.25","519.23","471.75",""
"Joel Betti","K1H","102.84","586.5","480.07",""
"Michel Champmartin","K1H","103.34","553.49","487.13",""
"Matis Hernu","K1H","103.37","557.04","487.55",""
"Clement Grapotte","K1H","104.17","473.98","498.83",""
"Evann Brosse","K1H","104.42","530.49","502.36",""
"Louison Buy","K1H","104.54","666.18","504.05",""
"Gregory Booth","K1H","104.84","506.48","508.28",""
"Philippe Magat","K1H","106.35","535.72","529.58",""
"Jules Pomi","K1H","106.56","596.57","532.54",""
"Baptiste Chevilley","K1H","107.72","635.95","548.91",""
"Hugo Robert","K1H","107.76","566.87","549.47",""
"Tilio Magnani","K1H","107.92","677.74","551.73",""
"Gatien Crochet","K1H","108.27","590.52","556.66",""
"Arun Schuit","K1H","109.83","668.19","578.67",""
"Christophe Billaud","K1H","110.33","614.1","585.72",""
"Raphael Laurent","K1H","111.07","714.12","596.16",""
"Aurelien Chalmandrier","K1H","112.71","723.4","619.29",""
"Elouan Detheve","K1H","113.52","822.47","630.71",""
"Miraç Gulec","K1H","113.84","762.25","635.23",""
"Noa Berard","K1H","114.61","807.49","646.09",""
"Nathan Blanchet","K1H","114.85","712.32","649.47",""
"Mathieu Melmont","K1H","114.96","547.25","651.02",""
"Timothe Alonso","K1H","115.44","806.67","657.8",""
"Alexei Evlachev","K1H","115.49","915.79","658.5",""
"Tao Tomaselli","K1H","115.93","772.8","664.71",""
"Raphael Lescarret","K1H","116.57","801.76","673.73",""
"Ernesto Izzillo Coing","K1H","117.15","961.67","681.91",""
"Jao Thury Bouvet","K1H","121.71","742.78","746.23",""
"Philippe Bigard","K1H","122.73","824.09","760.62",""
"Nathan Jeufraux","K1H","124.51","727.67","785.73",""
"Natan Destouches","K1H","126.0","1297.65","806.74",""
"Mae Chretien","K1H","126.25","863.91","810.27",""
"David Paquet","K1H","126.46","945.58","813.23",""
"Philippe Aubertin","K1H","126.61","623.17","815.35",""
"Leo Jouvray","K1H","126.91","890.44","819.58",""
"Alexandre Henry","K1H","127.23","1860.23","824.09",""
"Sacha Lelardoux","K1H","127.92","883.63","833.82",""
"Gaspard Deville Russias","K1H","128.08","939.64","836.08",""
"Arthur Fumex","K1H","129.25","815.9","852.58",""
"Nael Faure Brac","K1H","129.33","802.59","853.71",""
"Maxence Ponard","K1H","129.91","1704.85","861.89",""
"Luiz Carneiro Jourdant","K1H","133.07","995.35","906.46",""
"Adrien Berges","K1H","134.54","1683.29","927.2",""
"Thibault Blanchet","K1H","135.11","926.23","935.24",""
"Nathan Dharboulle","K1H","138.49","1176.19","982.91",""
"Tristan Paravel","K1H","139.92","1224.34","1003.08",""
"Mika Van Leeuwen","K1H","142.23","1024.01","1035.66",""
"Marius Jeure","K1H","142.55","1007.24","1040.18",""
"Paul Perrollier","K1H","149.73","984.24","1141.45",""
"Neo Lemelletier","K1H","150.83","553.78","1156.97",""
"Victor Buy","K1H","155.24","1577.34","1219.17",""
"Tom Simon-herget","K1H","158.18","1274.66","1260.64",""
"Maxence Ferro Andreis","K1H","158.93","773.73","1271.21",""
"Taho Ferrier","K1H","159.96","665.8","1285.74",""
"Pierre Dubiez","K1H","161.71","1266.56","1310.43",""
"Carl Jeannin","K1H","162.48","1182.91","1321.29",""
"Gaspard Donetti","K1H","163.38","1718.2","1333.98",""
"Mael Carbonnel","K1H","167.46","873.45","1391.53",""
"Charles Ferrara","K1H","175.27","1392.91","1501.69",""
"Paki Magnani","K1H","196.42","300.66","1800.0",""
"Florian Delbez","K1H","320.7","895.79","3552.95",""
